-- Insert Academic Years
INSERT INTO ACADEMICYEARS (AYRID, AYRNAME, AYRROWSTATE, AYRFIELD1) VALUES (10, '2023-2024', 1, 10);
INSERT INTO ACADEMICYEARS (AYRID, AYRNAME, AYRROWSTATE, AYRFIELD1) VALUES (11, '2024-2025', 1, 20);

-- Insert Terms (linked to updated academic year IDs)
INSERT INTO TERMS (TRMID, TRMNAME, TRMROWSTATE, TRMFIELD1, TRMAYRID) VALUES (1, 'Autumn', 1, 101, 10);
INSERT INTO TERMS (TRMID, TRMNAME, TRMROWSTATE, TRMFIELD1, TRMAYRID) VALUES (2, 'Winter', 1, 102, 10);
INSERT INTO TERMS (TRMID, TRMNAME, TRMROWSTATE, TRMFIELD1, TRMAYRID) VALUES (3, 'Summer', 1, 103, 10);
INSERT INTO TERMS (TRMID, TRMNAME, TRMROWSTATE, TRMFIELD1, TRMAYRID) VALUES (4, 'Autumn', 1, 104, 11);
INSERT INTO TERMS (TRMID, TRMNAME, TRMROWSTATE, TRMFIELD1, TRMAYRID) VALUES (5, 'Winter', 1, 105, 11);
INSERT INTO TERMS (TRMID, TRMNAME, TRMROWSTATE, TRMFIELD1, TRMAYRID) VALUES (6, 'Summer', 1, 106, 11);
-- INSERT INTO TERMS (TRMID, TRMNAME, TRMROWSTATE, TRMFIELD1, TRMAYRID) VALUES (7, 'Term A', 1, 107, 10);
-- INSERT INTO TERMS (TRMID, TRMNAME, TRMROWSTATE, TRMFIELD1, TRMAYRID) VALUES (8, 'Term B', 1, 108, 10);
-- INSERT INTO TERMS (TRMID, TRMNAME, TRMROWSTATE, TRMFIELD1, TRMAYRID) VALUES (9, 'Term C', 1, 109, 11);
-- INSERT INTO TERMS (TRMID, TRMNAME, TRMROWSTATE, TRMFIELD1, TRMAYRID) VALUES (10, 'Term D', 1, 110, 11);

INSERT INTO COURSES (CRSID, CRSNAME, CRSCODE, CRSROWSTATE) VALUES
(101, 'Introduction to Computer Science', 'CS101', 1),
(102, 'Data Structures', 'CS102', 1),
(103, 'Algorithms', 'CS103', 1),
(104, 'Database Systems', 'CS104', 1),
(105, 'Operating Systems', 'CS105', 1),
(106, 'Software Engineering', 'CS106', 1),
(107, 'Computer Networks', 'CS107', 1),
(108, 'Artificial Intelligence', 'CS108', 1),
(109, 'Machine Learning', 'CS109', 1),
(110, 'Web Technologies', 'CS110', 1);


INSERT INTO TERMCOURSES (TCRID, TCRTRMID, TCRCRSID, TCRFACULTYID, TCRROWSTATE) VALUES
(1, 1, 101, 1001, 1),
(2, 1, 102, 1002, 1),
(3, 2, 103, 1003, 1),
(4, 2, 104, 1002, 1),
(5, 3, 105, 1003, 1),
(6, 3, 106, 1004, 1),
(7, 4, 107, 1002, 1),
(8, 5, 108, 1001, 1),
(9, 6, 109, 1005, 1),
(10, 6, 110, 1006, 1);


INSERT INTO EGEXAMM1 (EXAMTYPE_ID, EXAMTYPE_TITLE, ROW_ST) VALUES (1, 'Midterm Exam', 1);
INSERT INTO EGEXAMM1 (EXAMTYPE_ID, EXAMTYPE_TITLE, ROW_ST) VALUES (2, 'Final Exam', 1);
INSERT INTO EGEXAMM1 (EXAMTYPE_ID, EXAMTYPE_TITLE, ROW_ST) VALUES (3, 'Quiz', 1);
INSERT INTO EGEXAMM1 (EXAMTYPE_ID, EXAMTYPE_TITLE, ROW_ST) VALUES (4, 'Project Evaluation', 1);
INSERT INTO EGEXAMM1 (EXAMTYPE_ID, EXAMTYPE_TITLE, ROW_ST) VALUES (5, 'Lab Test', 1);
INSERT INTO EGEXAMM1 (EXAMTYPE_ID, EXAMTYPE_TITLE, ROW_ST) VALUES (6, 'Mock Exam', 1);
INSERT INTO EGEXAMM1 (EXAMTYPE_ID, EXAMTYPE_TITLE, ROW_ST) VALUES (7, 'Oral Exam', 1);
INSERT INTO EGEXAMM1 (EXAMTYPE_ID, EXAMTYPE_TITLE, ROW_ST) VALUES (8, 'Practice Test', 1);
INSERT INTO EGEXAMM1 (EXAMTYPE_ID, EXAMTYPE_TITLE, ROW_ST) VALUES (9, 'Assignment', 1);
INSERT INTO EGEXAMM1 (EXAMTYPE_ID, EXAMTYPE_TITLE, ROW_ST) VALUES (10, 'Surprise Test', 1);


